time,age,avgAge
0,0,63.2504
0.1,0.1,63.2504
0.2,0.2,63.2504
0.3,0.3,63.2504
0.4,0.4,63.2504
0.5,0.5,63.2504
0.6,0.6,63.2504
0.7,0.7,63.2504
0.8,0.8,63.2504
0.9,0.9,63.2504
1,1,63.2504
1.1,1.1,63.2504
1.2,1.2,63.2504
1.3,1.3,63.2504
1.4,1.4,63.2504
1.5,1.5,63.2504
1.6,1.6,63.2504
1.7,1.7,63.2504
1.8,1.8,63.2504
1.9,1.9,63.2504
2,2,63.2504
2.1,2.1,63.2504
2.2,2.2,63.2504
2.3,2.3,63.2504
2.4,2.4,63.2504
2.5,2.5,63.2504
2.6,2.6,63.2504
2.7,2.7,63.2504
2.8,2.8,63.2504
2.9,2.9,63.2504
3,3,63.2504
3.1,3.1,63.2504
3.2,3.2,63.2504
3.3,3.3,63.2504
3.4,3.4,63.2504
3.5,3.5,63.2504
3.6,3.6,63.2504
3.7,3.7,63.2504
3.8,3.8,63.2504
3.9,3.9,63.2504
4,4,63.2504
4.1,4.1,63.2504
4.2,4.2,63.2504
4.3,4.3,63.2504
4.4,4.4,63.2504
4.5,4.5,63.2504
4.6,4.6,63.2504
4.7,4.7,63.2504
4.8,4.8,63.2504
4.9,4.9,63.2504
5,5,63.2504
5.1,5.1,63.2504
5.2,5.2,63.2504
5.3,5.3,63.2504
5.4,5.4,63.2504
5.5,5.5,63.2504
5.6,5.6,63.2504
5.7,5.7,63.2504
5.8,5.8,63.2504
5.9,5.9,63.2504
6,6,63.2504
6.1,6.1,63.2504
6.2,6.2,63.2504
6.3,6.3,63.2504
6.4,6.4,63.2504
6.5,6.5,63.2504
6.6,6.6,63.2504
6.7,6.7,63.2504
6.8,6.8,63.2504
6.9,6.9,63.2504
7,7,63.2504
7.1,7.1,63.2504
7.2,7.2,63.2504
7.3,7.3,63.2504
7.4,7.4,63.2504
7.5,7.5,63.2504
7.6,7.6,63.2504
7.7,7.7,63.2504
7.8,7.8,63.2504
7.9,7.9,63.2504
8,8,63.2504
8.1,8.1,63.2504
8.2,8.2,63.2504
8.3,8.3,63.2504
8.4,8.4,63.2504
8.5,8.5,63.2504
8.6,8.6,63.2504
8.7,8.7,63.2504
8.8,8.8,63.2504
8.9,8.9,63.2504
9,9,63.2504
9.1,9.1,63.2504
9.2,9.2,63.2504
9.3,9.3,63.2504
9.4,9.4,63.2504
9.5,9.5,63.2504
9.6,9.6,63.2504
9.7,9.7,63.2504
9.8,9.8,63.2504
9.9,9.9,63.2504
10,10,63.2504
10.1,10.1,63.2504
10.2,10.2,63.2504
10.3,10.3,63.2504
10.4,10.4,63.2504
10.5,10.5,63.2504
10.6,10.6,63.2504
10.7,10.7,63.2504
10.8,10.8,63.2504
10.9,10.9,63.2504
11,11,63.2504
11.1,11.1,63.2504
11.2,11.2,63.2504
11.3,11.3,63.2504
11.4,11.4,63.2504
11.5,11.5,63.2504
11.6,11.6,63.2504
11.7,11.7,63.2504
11.8,11.8,63.2504
11.9,11.9,63.2504
12,12,63.2504
12.1,12.1,63.2504
12.2,12.2,63.2504
12.3,12.3,63.2504
12.4,12.4,63.2504
12.5,12.5,63.2504
12.6,12.6,63.2504
12.7,12.7,63.2504
12.8,12.8,63.2504
12.9,12.9,63.2504
13,13,63.2504
13.1,13.1,63.2504
13.2,13.2,63.2504
13.3,13.3,63.2504
13.4,13.4,63.2504
13.5,13.5,63.2504
13.6,13.6,63.2504
13.7,13.7,63.2504
13.8,13.8,63.2504
13.9,13.9,63.2504
14,14,63.2504
14.1,14.1,63.2504
14.2,14.2,63.2504
14.3,14.3,63.2504
14.4,14.4,63.2504
14.5,14.5,63.2504
14.6,14.6,63.2504
14.7,14.7,63.2504
14.8,14.8,63.2504
14.9,14.9,63.2504
15,15,63.2504
15.1,15.1,63.2504
15.2,15.2,63.2504
15.3,15.3,63.2504
15.4,15.4,63.2504
15.5,15.5,63.2504
15.6,15.6,63.2504
15.7,15.7,63.2504
15.8,15.8,63.2504
15.9,15.9,63.2504
16,16,63.2504
16.1,16.1,63.2504
16.2,16.2,63.2504
16.3,16.3,63.2504
16.4,16.4,63.2504
16.5,16.5,63.2504
16.6,16.6,63.2504
16.7,16.7,63.2504
16.8,16.8,63.2504
16.9,16.9,63.2504
17,17,63.2504
17.1,17.1,63.2504
17.2,6,63.2504
17.3,6.1,63.2504
17.4,6.2,63.2504
17.5,6.3,63.2504
17.6,6.4,63.2504
17.7,6.5,63.2504
17.8,6.6,63.2504
17.9,6.7,63.2504
18,6.8,63.2504
18.1,6.9,63.2504
18.2,7,63.2504
18.3,7.1,63.2504
18.4,7.2,63.2504
18.5,7.3,63.2504
18.6,7.4,63.2504
18.7,7.5,63.2504
18.8,7.6,63.2504
18.9,7.7,63.2504
19,7.8,63.2504
19.1,7.9,63.2504
19.2,8,63.2504
19.3,8.1,63.2504
19.4,8.2,63.2504
19.5,8.3,63.2504
19.6,8.4,63.2504
19.7,8.5,63.2504
19.8,8.6,63.2504
19.9,8.7,63.2504
20,8.8,63.2504
20.1,8.9,63.2504
20.2,9,63.2504
20.3,9.1,63.2504
20.4,9.2,63.2504
20.5,9.3,63.2504
20.6,9.4,63.2504
20.7,9.5,63.2504
20.8,9.6,63.2504
20.9,9.7,63.2504
21,9.8,63.2504
21.1,9.9,63.2504
21.2,10,63.2504
21.3,10.1,63.2504
21.4,10.2,63.2504
21.5,10.3,63.2504
21.6,10.4,63.2504
21.7,10.5,63.2504
21.8,10.6,63.2504
21.9,10.7,63.2504
22,10.8,63.2504
22.1,10.9,63.2504
22.2,11,63.2504
22.3,11.1,63.2504
22.4,11.2,63.2504
22.5,11.3,63.2504
22.6,11.4,63.2504
22.7,11.5,63.2504
22.8,11.6,63.2504
22.9,11.7,63.2504
23,11.8,63.2504
23.1,11.9,63.2504
23.2,12,63.2504
23.3,12.1,63.2504
23.4,12.2,63.2504
23.5,12.3,63.2504
23.6,12.4,63.2504
23.7,12.5,63.2504
23.8,12.6,63.2504
23.9,12.7,63.2504
24,12.8,63.2504
24.1,12.9,63.2504
24.2,13,63.2504
24.3,13.1,63.2504
24.4,13.2,63.2504
24.5,13.3,63.2504
24.6,13.4,63.2504
24.7,13.5,63.2504
24.8,13.6,63.2504
24.9,13.7,63.2504
25,13.8,63.2504
25.1,13.9,63.2504
25.2,14,63.2504
25.3,14.1,63.2504
25.4,14.2,63.2504
25.5,14.3,63.2504
25.6,14.4,63.2504
25.7,14.5,63.2504
25.8,14.6,63.2504
25.9,14.7,63.2504
26,14.8,63.2504
26.1,14.9,63.2504
26.2,15,63.2504
26.3,15.1,63.2504
26.4,15.2,63.2504
26.5,15.3,63.2504
26.6,15.4,63.2504
26.7,15.5,63.2504
26.8,15.6,63.2504
26.9,15.7,63.2504
27,15.8,63.2504
27.1,15.9,63.2504
27.2,16,63.2504
27.3,16.1,63.2504
27.4,16.2,63.2504
27.5,16.3,63.2504
27.6,16.4,63.2504
27.7,16.5,63.2504
27.8,16.6,63.2504
27.9,16.7,63.2504
28,16.8,63.2504
28.1,16.9,63.2504
28.2,17,63.2504
28.3,17.1,63.2504
28.4,17.2,63.2504
28.5,17.3,63.2504
28.6,17.4,63.2504
28.7,17.5,63.2504
28.8,17.6,63.2504
28.9,17.7,63.2504
29,17.8,63.2504
29.1,17.9,63.2504
29.2,18,63.2504
29.3,18.1,63.2504
29.4,18.2,63.2504
29.5,18.3,63.2504
29.6,18.4,63.2504
29.7,18.5,63.2504
29.8,18.6,63.2504
29.9,18.7,63.2504
30,18.8,63.2504
30.1,18.9,63.2504
30.2,19,63.2504
30.3,19.1,63.2504
30.4,19.2,63.2504
30.5,19.3,63.2504
30.6,19.4,63.2504
30.7,19.5,63.2504
30.8,19.6,63.2504
30.9,19.7,63.2504
31,19.8,63.2504
31.1,19.9,63.2504
31.2,20,63.2504
31.3,20.1,63.2504
31.4,20.2,63.2504
31.5,20.3,63.2504
31.6,20.4,63.2504
31.7,20.5,63.2504
31.8,20.6,63.2504
31.9,20.7,63.2504
32,20.8,63.2504
32.1,20.9,63.2504
32.2,21,63.2504
32.3,21.1,63.2504
32.4,21.2,63.2504
32.5,21.3,63.2504
32.6,21.4,63.2504
32.7,21.5,63.2504
32.8,21.6,63.2504
32.9,21.7,63.2504
33,21.8,63.2504
33.1,21.9,63.2504
33.2,22,63.2504
33.3,22.1,63.2504
33.4,22.2,63.2504
33.5,22.3,63.2504
33.6,22.4,63.2504
33.7,22.5,63.2504
33.8,22.6,63.2504
33.9,22.7,63.2504
34,22.8,63.2504
34.1,22.9,63.2504
34.2,23,63.2504
34.3,23.1,63.2504
34.4,23.2,63.2504
34.5,23.3,63.2504
34.6,23.4,63.2504
34.7,23.5,63.2504
34.8,23.6,63.2504
34.9,23.7,63.2504
35,23.8,63.2504
35.1,23.9,63.2504
35.2,24,63.2504
35.3,24.1,63.2504
35.4,24.2,63.2504
35.5,24.3,63.2504
35.6,24.4,63.2504
35.7,24.5,63.2504
35.8,24.6,63.2504
35.9,24.7,63.2504
36,24.8,63.2504
36.1,24.9,63.2504
36.2,25,63.2504
36.3,25.1,63.2504
36.4,25.2,63.2504
36.5,25.3,63.2504
36.6,25.4,63.2504
36.7,25.5,63.2504
36.8,25.6,63.2504
36.9,25.7,63.2504
37,25.8,63.2504
37.1,25.9,63.2504
37.2,26,63.2504
37.3,26.1,63.2504
37.4,26.2,63.2504
37.5,26.3,63.2504
37.6,26.4,63.2504
37.7,26.5,63.2504
37.8,26.6,63.2504
37.9,26.7,63.2504
38,26.8,63.2504
38.1,26.9,63.2504
38.2,27,63.2504
38.3,27.1,63.2504
38.4,27.2,63.2504
38.5,27.3,63.2504
38.6,27.4,63.2504
38.7,27.5,63.2504
38.8,27.6,63.2504
38.9,27.7,63.2504
39,27.8,63.2504
39.1,27.9,63.2504
39.2,28,63.2504
39.3,28.1,63.2504
39.4,28.2,63.2504
39.5,28.3,63.2504
39.6,28.4,63.2504
39.7,28.5,63.2504
39.8,28.6,63.2504
39.9,28.7,63.2504
40,28.8,63.2504
40.1,28.9,63.2504
40.2,29,63.2504
40.3,29.1,63.2504
40.4,29.2,63.2504
40.5,29.3,63.2504
40.6,29.4,63.2504
40.7,29.5,63.2504
40.8,29.6,63.2504
40.9,29.7,63.2504
41,29.8,63.2504
41.1,29.9,63.2504
41.2,30,63.2504
41.3,30.1,63.2504
41.4,30.2,63.2504
41.5,30.3,63.2504
41.6,30.4,63.2504
41.7,30.5,63.2504
41.8,30.6,63.2504
41.9,30.7,63.2504
42,30.8,63.2504
42.1,30.9,63.2504
42.2,31,63.2504
42.3,31.1,63.2504
42.4,31.2,63.2504
42.5,31.3,63.2504
42.6,31.4,63.2504
42.7,31.5,63.2504
42.8,31.6,63.2504
42.9,31.7,63.2504
43,31.8,63.2504
43.1,31.9,63.2504
43.2,32,63.2504
43.3,32.1,63.2504
43.4,32.2,63.2504
43.5,32.3,63.2504
43.6,32.4,63.2504
43.7,32.5,63.2504
43.8,32.6,63.2504
43.9,32.7,63.2504
44,32.8,63.2504
44.1,32.9,63.2504
44.2,33,63.2504
44.3,33.1,63.2504
44.4,33.2,63.2504
44.5,33.3,63.2504
44.6,33.4,63.2504
44.7,33.5,63.2504
44.8,33.6,63.2504
44.9,33.7,63.2504
45,33.8,63.2504
45.1,33.9,63.2504
45.2,34,63.2504
45.3,34.1,63.2504
45.4,34.2,63.2504
45.5,34.3,63.2504
45.6,34.4,63.2504
45.7,34.5,63.2504
45.8,34.6,63.2504
45.9,34.7,63.2504
46,34.8,63.2504
46.1,34.9,63.2504
46.2,35,63.2504
46.3,35.1,63.2504
46.4,35.2,63.2504
46.5,35.3,63.2504
46.6,35.4,63.2504
46.7,35.5,63.2504
46.8,35.6,63.2504
46.9,35.7,63.2504
47,35.8,63.2504
47.1,35.9,63.2504
47.2,36,63.2504
47.3,36.1,63.2504
47.4,36.2,63.2504
47.5,36.3,63.2504
47.6,36.4,63.2504
47.7,36.5,63.2504
47.8,36.6,63.2504
47.9,36.7,63.2504
48,36.8,63.2504
48.1,36.9,63.2504
48.2,37,63.2504
48.3,37.1,63.2504
48.4,37.2,63.2504
48.5,37.3,63.2504
48.6,37.4,63.2504
48.7,37.5,63.2504
48.8,37.6,63.2504
48.9,37.7,63.2504
49,37.8,63.2504
49.1,37.9,63.2504
49.2,38,63.2504
49.3,38.1,63.2504
49.4,38.2,63.2504
49.5,38.3,63.2504
49.6,38.4,63.2504
49.7,38.5,63.2504
49.8,38.6,63.2504
49.9,38.7,63.2504
50,38.8,63.2504
50.1,38.9,63.2504
50.2,39,63.2504
50.3,39.1,63.2504
50.4,39.2,63.2504
50.5,39.3,63.2504
50.6,39.4,63.2504
50.7,39.5,63.2504
50.8,39.6,63.2504
50.9,39.7,63.2504
51,39.8,63.2504
51.1,39.9,63.2504
51.2,40,63.2504
51.3,40.1,63.2504
51.4,40.2,63.2504
51.5,40.3,63.2504
51.6,40.4,63.2504
51.7,40.5,63.2504
51.8,40.6,63.2504
51.9,40.7,63.2504
52,40.8,63.2504
52.1,40.9,63.2504
52.2,41,63.2504
52.3,41.1,63.2504
52.4,41.2,63.2504
52.5,41.3,63.2504
52.6,41.4,63.2504
52.7,41.5,63.2504
52.8,41.6,63.2504
52.9,41.7,63.2504
53,41.8,63.2504
53.1,41.9,63.2504
53.2,42,63.2504
53.3,42.1,63.2504
53.4,42.2,63.2504
53.5,42.3,63.2504
53.6,42.4,63.2504
53.7,42.5,63.2504
53.8,42.6,63.2504
53.9,42.7,63.2504
54,42.8,63.2504
54.1,42.9,63.2504
54.2,43,63.2504
54.3,43.1,63.2504
54.4,43.2,63.2504
54.5,43.3,63.2504
54.6,43.4,63.2504
54.7,43.5,63.2504
54.8,43.6,63.2504
54.9,43.7,63.2504
55,43.8,63.2504
55.1,43.9,63.2504
55.2,44,63.2504
55.3,44.1,63.2504
55.4,44.2,63.2504
55.5,44.3,63.2504
55.6,44.4,63.2504
55.7,44.5,63.2504
55.8,44.6,63.2504
55.9,44.7,63.2504
56,44.8,63.2504
56.1,44.9,63.2504
56.2,45,63.2504
56.3,45.1,63.2504
56.4,45.2,63.2504
56.5,45.3,63.2504
56.6,45.4,63.2504
56.7,45.5,63.2504
56.8,45.6,63.2504
56.9,45.7,63.2504
57,45.8,63.2504
57.1,45.9,63.2504
57.2,46,63.2504
57.3,46.1,63.2504
57.4,46.2,63.2504
57.5,46.3,63.2504
57.6,46.4,63.2504
57.7,46.5,63.2504
57.8,46.6,63.2504
57.9,46.7,63.2504
58,46.8,63.2504
58.1,46.9,63.2504
58.2,47,63.2504
58.3,47.1,63.2504
58.4,47.2,63.2504
58.5,47.3,63.2504
58.6,47.4,63.2504
58.7,47.5,63.2504
58.8,47.6,63.2504
58.9,47.7,63.2504
59,47.8,63.2504
59.1,47.9,63.2504
59.2,48,63.2504
59.3,48.1,63.2504
59.4,48.2,63.2504
59.5,48.3,63.2504
59.6,48.4,63.2504
59.7,48.5,63.2504
59.8,48.6,63.2504
59.9,48.7,63.2504
60,48.8,63.2504
60.1,48.9,63.2504
60.2,49,63.2504
60.3,49.1,63.2504
60.4,49.2,63.2504
60.5,49.3,63.2504
60.6,49.4,63.2504
60.7,49.5,63.2504
60.8,49.6,63.2504
60.9,49.7,63.2504
61,49.8,63.2504
61.1,49.9,63.2504
61.2,50,63.2504
61.3,50.1,63.2504
61.4,50.2,63.2504
61.5,50.3,63.2504
61.6,50.4,63.2504
61.7,50.5,63.2504
61.8,50.6,63.2504
61.9,50.7,63.2504
62,50.8,63.2504
62.1,50.9,63.2504
62.2,51,63.2504
62.3,51.1,63.2504
62.4,51.2,63.2504
62.5,51.3,63.2504
62.6,51.4,63.2504
62.7,51.5,63.2504
62.8,51.6,63.2504
62.9,51.7,63.2504
63,51.8,63.2504
63.1,51.9,63.2504
63.2,52,63.2504
63.3,52.1,63.2504
63.4,52.2,63.2504
63.5,52.3,63.2504
63.6,52.4,63.2504
63.7,52.5,63.2504
63.8,52.6,63.2504
63.9,52.7,63.2504
64,52.8,63.2504
64.1,52.9,63.2504
64.2,53,63.2504
64.3,53.1,63.2504
64.4,53.2,63.2504
64.5,53.3,63.2504
64.6,53.4,63.2504
64.7,53.5,63.2504
64.8,53.6,63.2504
64.9,53.7,63.2504
65,53.8,63.2504
65.1,53.9,63.2504
65.2,54,63.2504
65.3,54.1,63.2504
65.4,54.2,63.2504
65.5,54.3,63.2504
65.6,54.4,63.2504
65.7,54.5,63.2504
65.8,54.6,63.2504
65.9,54.7,63.2504
66,54.8,63.2504
66.1,54.9,63.2504
66.2,55,63.2504
66.3,55.1,63.2504
66.4,55.2,63.2504
66.5,55.3,63.2504
66.6,55.4,63.2504
66.7,55.5,63.2504
66.8,55.6,63.2504
66.9,55.7,63.2504
67,55.8,63.2504
67.1,55.9,63.2504
67.2,56,63.2504
67.3,56.1,63.2504
67.4,56.2,63.2504
67.5,56.3,63.2504
67.6,56.4,63.2504
67.7,56.5,63.2504
67.8,56.6,63.2504
67.9,56.7,63.2504
68,56.8,63.2504
68.1,56.9,63.2504
68.2,57,63.2504
68.3,57.1,63.2504
68.4,57.2,63.2504
68.5,57.3,63.2504
68.6,57.4,63.2504
68.7,57.5,63.2504
68.8,57.6,63.2504
68.9,57.7,63.2504
69,57.8,63.2504
69.1,57.9,63.2504
69.2,58,63.2504
69.3,58.1,63.2504
69.4,58.2,63.2504
69.5,58.3,63.2504
69.6,58.4,63.2504
69.7,58.5,63.2504
69.8,58.6,63.2504
69.9,58.7,63.2504
70,58.8,63.2504
70.1,58.9,63.2504
70.2,59,63.2504
70.3,59.1,63.2504
70.4,59.2,63.2504
70.5,59.3,63.2504
70.6,59.4,63.2504
70.7,59.5,63.2504
70.8,59.6,63.2504
70.9,59.7,63.2504
71,59.8,63.2504
71.1,59.9,63.2504
71.2,60,63.2504
71.3,60.1,63.2504
71.4,60.2,63.2504
71.5,60.3,63.2504
71.6,60.4,63.2504
71.7,60.5,63.2504
71.8,60.6,63.2504
71.9,60.7,63.2504
72,60.8,63.2504
72.1,60.9,63.2504
72.2,61,63.2504
72.3,61.1,63.2504
72.4,61.2,63.2504
72.5,61.3,63.2504
72.6,61.4,63.2504
72.7,61.5,63.2504
72.8,61.6,63.2504
72.9,61.7,63.2504
73,61.8,63.2504
73.1,61.9,63.2504
73.2,62,63.2504
73.3,62.1,63.2504
73.4,62.2,63.2504
73.5,62.3,63.2504
73.6,62.4,63.2504
73.7,62.5,63.2504
73.8,62.6,63.2504
73.9,62.7,63.2504
74,62.8,63.2504
74.1,62.9,63.2504
74.2,63,63.2504
74.3,63.1,63.2504
74.4,63.2,63.2504
74.5,63.3,63.2504
74.6,63.4,63.2504
74.7,63.5,63.2504
74.8,63.6,63.2504
74.9,63.7,63.2504
75,63.8,63.2504
75.1,63.9,63.2504
75.2,64,63.2504
75.3,64.1,63.2504
75.4,64.2,63.2504
75.5,64.3,63.2504
75.6,64.4,63.2504
75.7,64.5,63.2504
75.8,64.6,63.2504
75.9,64.7,63.2504
76,64.8,63.2504
76.1,64.9,63.2504
76.2,65,63.2504
76.3,65.1,63.2504
76.4,65.2,63.2504
76.5,65.3,63.2504
76.6,65.4,63.2504
76.7,65.5,63.2504
76.8,65.6,63.2504
76.9,65.7,63.2504
77,65.8,63.2504
77.1,65.9,63.2504
77.2,66,63.2504
77.3,66.1,63.2504
77.4,66.2,63.2504
77.5,66.3,63.2504
77.6,66.4,63.2504
77.7,66.5,63.2504
77.8,66.6,63.2504
77.9,66.7,63.2504
78,66.8,63.2504
78.1,66.9,63.2504
78.2,67,63.2504
78.3,67.1,63.2504
78.4,67.2,63.2504
78.5,67.3,63.2504
78.6,67.4,63.2504
78.7,67.5,63.2504
78.8,67.6,63.2504
78.9,67.7,63.2504
79,67.8,63.2504
79.1,67.9,63.2504
79.2,68,63.2504
79.3,68.1,63.2504
79.4,68.2,63.2504
79.5,68.3,63.2504
79.6,68.4,63.2504
79.7,68.5,63.2504
79.8,68.6,63.2504
79.9,68.7,63.2504
80,68.8,63.2504
80.1,68.9,63.2504
80.2,69,63.2504
80.3,69.1,63.2504
80.4,69.2,63.2504
80.5,69.3,63.2504
80.6,69.4,63.2504
80.7,69.5,63.2504
80.8,69.6,63.2504
80.9,69.7,63.2504
81,69.8,63.2504
81.1,69.9,63.2504
81.2,70,63.2504
81.3,70.1,63.2504
81.4,70.2,63.2504
81.5,70.3,63.2504
81.6,70.4,63.2504
81.7,70.5,63.2504
81.8,70.6,63.2504
81.9,70.7,63.2504
82,70.8,63.2504
82.1,70.9,63.2504
82.2,71,63.2504
82.3,71.1,63.2504
82.4,71.2,63.2504
82.5,71.3,63.2504
82.6,71.4,63.2504
82.7,71.5,63.2504
82.8,71.6,63.2504
82.9,71.7,63.2504
83,71.8,63.2504
83.1,71.9,63.2504
83.2,72,63.2504
83.3,72.1,63.2504
83.4,72.2,63.2504
83.5,72.3,63.2504
83.6,72.4,63.2504
83.7,72.5,63.2504
83.8,72.6,63.2504
83.9,72.7,63.2504
84,72.8,63.2504
84.1,72.9,63.2504
84.2,73,63.2504
84.3,73.1,63.2504
84.4,73.2,63.2504
84.5,73.3,63.2504
84.6,73.4,63.2504
84.7,73.5,63.2504
84.8,73.6,63.2504
84.9,73.7,63.2504
85,73.8,63.2504
85.1,73.9,63.2504
85.2,74,63.2504
85.3,74.1,63.2504
85.4,74.2,63.2504
85.5,74.3,63.2504
85.6,74.4,63.2504
85.7,74.5,63.2504
85.8,74.6,63.2504
85.9,74.7,63.2504
86,74.8,63.2504
86.1,74.9,63.2504
86.2,75,63.2504
86.3,75.1,63.2504
86.4,75.2,63.2504
86.5,75.3,63.2504
86.6,75.4,63.2504
86.7,75.5,63.2504
86.8,75.6,63.2504
86.9,75.7,63.2504
87,75.8,63.2504
87.1,75.9,63.2504
87.2,76,63.2504
87.3,76.1,63.2504
87.4,76.2,63.2504
87.5,76.3,63.2504
87.6,76.4,63.2504
87.7,76.5,63.2504
87.8,76.6,63.2504
87.9,76.7,63.2504
88,76.8,63.2504
88.1,76.9,63.2504
88.2,77,63.2504
88.3,77.1,63.2504
88.4,77.2,63.2504
88.5,77.3,63.2504
88.6,77.4,63.2504
88.7,77.5,63.2504
88.8,77.6,63.2504
88.9,77.7,63.2504
89,77.8,63.2504
89.1,77.9,63.2504
89.2,78,63.2504
89.3,78.1,63.2504
89.4,78.2,63.2504
89.5,78.3,63.2504
89.6,78.4,63.2504
89.7,78.5,63.2504
89.8,78.6,63.2504
89.9,78.7,63.2504
90,78.8,63.2504
90.1,78.9,63.2504
90.2,79,63.2504
90.3,79.1,63.2504
90.4,79.2,63.2504
90.5,79.3,63.2504
90.6,79.4,63.2504
90.7,79.5,63.2504
90.8,79.6,63.2504
90.9,79.7,63.2504
91,79.8,63.2504
91.1,79.9,63.2504
91.2,80,63.2504
91.3,80.1,63.2504
91.4,80.2,63.2504
91.5,80.3,63.2504
91.6,80.4,63.2504
91.7,80.5,63.2504
91.8,80.6,63.2504
91.9,80.7,63.2504
92,80.8,63.2504
92.1,80.9,63.2504
92.2,81,63.2504
92.3,81.1,63.2504
92.4,81.2,63.2504
92.5,81.3,63.2504
92.6,81.4,63.2504
92.7,81.5,63.2504
92.8,81.6,63.2504
92.9,81.7,63.2504
93,81.8,63.2504
93.1,81.9,63.2504
93.2,82,63.2504
93.3,82.1,63.2504
93.4,82.2,63.2504
93.5,82.3,63.2504
93.6,82.4,63.2504
93.7,82.5,63.2504
93.8,82.6,63.2504
93.9,82.7,63.2504
94,82.8,63.2504
94.1,82.9,63.2504
94.2,83,63.2504
94.3,83.1,63.2504
94.4,83.2,63.2504
94.5,83.3,63.2504
94.6,83.4,63.2504
94.7,83.5,63.2504
94.8,83.6,63.2504
94.9,83.7,63.2504
95,83.8,63.2504
95.1,83.9,63.2504
95.2,84,63.2504
95.3,84.1,63.2504
95.4,84.2,63.2504
95.5,84.3,63.2504
95.6,84.4,63.2504
95.7,84.5,63.2504
95.8,84.6,63.2504
95.9,84.7,63.2504
96,84.8,63.2504
96.1,84.9,63.2504
96.2,85,63.2504
96.3,85.1,63.2504
96.4,85.2,63.2504
96.5,85.3,63.2504
96.6,85.4,63.2504
96.7,85.5,63.2504
96.8,85.6,63.2504
96.9,85.7,63.2504
97,85.8,63.2504
97.1,85.9,63.2504
97.2,86,63.2504
97.3,86.1,63.2504
97.4,86.2,63.2504
97.5,86.3,63.2504
97.6,86.4,63.2504
97.7,86.5,63.2504
97.8,86.6,63.2504
97.9,86.7,63.2504
98,86.8,63.2504
98.1,86.9,63.2504
98.2,87,63.2504
98.3,87.1,63.2504
98.4,87.2,63.2504
98.5,87.3,63.2504
98.6,87.4,63.2504
98.7,87.5,63.2504
98.8,87.6,63.2504
98.9,87.7,63.2504
99,87.8,63.2504
99.1,87.9,63.2504
99.2,88,63.2504
99.3,88.1,63.2504
99.4,88.2,63.2504
99.5,88.3,63.2504
99.6,88.4,63.2504
99.7,88.5,63.2504
99.8,88.6,63.2504
99.9,88.7,63.2504
100,88.8,63.2504
100.1,88.9,63.2504
100.2,89,63.2504
100.3,89.1,63.2504
100.4,89.2,63.2504
100.5,89.3,63.2504
100.6,89.4,63.2504
100.7,89.5,63.2504
100.8,89.6,63.2504
100.9,89.7,63.2504
101,89.8,63.2504
101.1,89.9,63.2504
101.2,90,63.2504
101.3,90.1,63.2504
101.4,90.2,63.2504
101.5,90.3,63.2504
101.6,90.4,63.2504
101.7,90.5,63.2504
101.8,90.6,63.2504
101.9,90.7,63.2504
102,90.8,63.2504
102.1,90.9,63.2504
102.2,91,63.2504
102.3,91.1,63.2504
102.4,91.2,63.2504
102.5,91.3,63.2504
102.6,91.4,63.2504
102.7,91.5,63.2504
102.8,91.6,63.2504
102.9,91.7,63.2504
103,91.8,63.2504
103.1,91.9,63.2504
103.2,92,63.2504
103.3,92.1,63.2504
103.4,92.2,63.2504
103.5,92.3,63.2504
103.6,92.4,63.2504
103.7,92.5,63.2504
103.8,92.6,63.2504
103.9,92.7,63.2504
104,92.8,63.2504
104.1,92.9,63.2504
104.2,93,63.2504
104.3,93.1,63.2504
104.4,93.2,63.2504
104.5,93.3,63.2504
104.6,93.4,63.2504
104.7,93.5,63.2504
104.8,93.6,63.2504
104.9,93.7,63.2504
105,93.8,63.2504
105.1,93.9,63.2504
105.2,94,63.2504
105.3,94.1,63.2504
105.4,94.2,63.2504
105.5,94.3,63.2504
105.6,94.4,63.2504
105.7,94.5,63.2504
105.8,94.6,63.2504
105.9,94.7,63.2504
106,94.8,63.2504
106.1,94.9,63.2504
106.2,95,63.2504
106.3,95.1,63.2504
106.4,95.2,63.2504
106.5,95.3,63.2504
106.6,95.4,63.2504
106.7,95.5,63.2504
106.8,95.6,63.2504
106.9,95.7,63.2504
107,95.8,63.2504
107.1,95.9,63.2504
107.2,96,63.2504
107.3,96.1,63.2504
107.4,96.2,63.2504
107.5,96.3,63.2504
107.6,96.4,63.2504
107.7,96.5,63.2504
107.8,96.6,63.2504
107.9,96.7,63.2504
108,96.8,63.2504
108.1,96.9,63.2504
108.2,97,63.2504
108.3,97.1,63.2504
108.4,97.2,63.2504
108.5,97.3,63.2504
108.6,97.4,63.2504
108.7,97.5,63.2504
108.8,97.6,63.2504
108.9,97.7,63.2504
109,97.8,63.2504
109.1,97.9,63.2504
109.2,98,63.2504
109.3,98.1,63.2504
109.4,98.2,63.2504
109.5,98.3,63.2504
109.6,98.4,63.2504
109.7,98.5,63.2504
109.8,98.6,63.2504
109.9,98.7,63.2504
110,98.8,63.2504
110.1,98.9,63.2504
110.2,99,63.2504
110.3,99.1,63.2504
110.4,99.2,63.2504
110.5,99.3,63.2504
110.6,99.4,63.2504
110.7,99.5,63.2504
110.8,99.6,63.2504
110.9,99.7,63.2504
111,99.8,63.2504
111.1,99.9,63.2504
111.2,100,63.2504
111.3,100.1,63.2504
111.4,100.2,63.2504
111.5,100.3,63.2504
111.6,100.4,63.2504
111.7,100.5,63.2504
111.8,100.6,63.2504
111.9,100.7,63.2504
112,100.8,63.2504
112.1,100.9,63.2504
112.2,101,63.2504
112.3,101.1,63.2504
112.4,101.2,63.2504
112.5,101.3,63.2504
112.6,101.4,63.2504
112.7,101.5,63.2504
112.8,101.6,63.2504
112.9,101.7,63.2504
113,101.8,63.2504
113.1,101.9,63.2504
113.2,102,63.2504
113.3,102.1,63.2504
113.4,102.2,63.2504
113.5,102.3,63.2504
113.6,102.4,63.2504
113.7,102.5,63.2504
113.8,102.6,63.2504
113.9,102.7,63.2504
114,102.8,63.2504
114.1,102.9,63.2504
114.2,103,63.2504
114.3,103.1,63.2504
114.4,103.2,63.2504
114.5,103.3,63.2504
114.6,103.4,63.2504
114.7,103.5,63.2504
114.8,103.6,63.2504
114.9,103.7,63.2504
115,103.8,63.2504
115.1,103.9,63.2504
115.2,104,63.2504
115.3,104.1,63.2504
115.4,104.2,63.2504
115.5,104.3,63.2504
115.6,104.4,63.2504
115.7,104.5,63.2504
115.8,104.6,63.2504
115.9,104.7,63.2504
116,104.8,63.2504
116.1,104.9,63.2504
116.2,105,63.2504
116.3,105.1,63.2504
116.4,105.2,63.2504
116.5,105.3,63.2504
116.6,105.4,63.2504
116.7,105.5,63.2504
116.8,105.6,63.2504
116.9,105.7,63.2504
117,105.8,63.2504
117.1,105.9,63.2504
117.2,106,63.2504
117.3,106.1,63.2504
117.4,106.2,63.2504
117.5,106.3,63.2504
117.6,106.4,63.2504
117.7,106.5,63.2504
117.8,106.6,63.2504
117.9,106.7,63.2504
118,106.8,63.2504
118.1,106.9,63.2504
118.2,107,63.2504
118.3,107.1,63.2504
118.4,107.2,63.2504
118.5,107.3,63.2504
118.6,107.4,63.2504
118.7,107.5,63.2504
118.8,107.6,63.2504
118.9,107.7,63.2504
119,107.8,63.2504
119.1,107.9,63.2504
119.2,108,63.2504
119.3,108.1,63.2504
119.4,108.2,63.2504
119.5,108.3,63.2504
119.6,108.4,63.2504
119.7,108.5,63.2504
119.8,108.6,63.2504
119.9,108.7,63.2504
120,108.8,63.2504
120.1,108.9,63.2504
120.2,109,63.2504
120.3,109.1,63.2504
120.4,109.2,63.2504
120.5,109.3,63.2504
120.6,109.4,63.2504
120.7,109.5,63.2504
120.8,109.6,63.2504
120.9,109.7,63.2504
121,109.8,63.2504
121.1,109.9,63.2504
121.2,110,63.2504
121.3,110.1,63.2504
121.4,110.2,63.2504
121.5,110.3,63.2504
121.6,110.4,63.2504
121.7,110.5,63.2504
121.8,110.6,63.2504
121.9,110.7,63.2504
122,110.8,63.2504
122.1,110.9,63.2504
122.2,111,63.2504
122.3,111.1,63.2504
122.4,111.2,63.2504
122.5,111.3,63.2504
122.6,111.4,63.2504
122.7,111.5,63.2504
122.8,111.6,63.2504
122.9,111.7,63.2504
123,111.8,63.2504
123.1,111.9,63.2504
123.2,112,63.2504
123.3,112.1,63.2504
123.4,112.2,63.2504
123.5,112.3,63.2504
123.6,112.4,63.2504
123.7,112.5,63.2504
123.8,112.6,63.2504
123.9,112.7,63.2504
124,112.8,63.2504
124.1,112.9,63.2504
124.2,113,63.2504
124.3,113.1,63.2504
124.4,113.2,63.2504
124.5,113.3,63.2504
124.6,113.4,63.2504
124.7,113.5,63.2504
124.8,113.6,63.2504
124.9,113.7,63.2504
125,113.8,63.2504
125.1,113.9,63.2504
125.2,114,63.2504
125.3,114.1,63.2504
125.4,114.2,63.2504
125.5,114.3,63.2504
125.6,114.4,63.2504
125.7,114.5,63.2504
125.8,114.6,63.2504
125.9,114.7,63.2504
126,114.8,63.2504
126.1,114.9,63.2504
126.2,115,63.2504
126.3,115.1,63.2504
126.4,115.2,63.2504
126.5,115.3,63.2504
126.6,115.4,63.2504
126.7,115.5,63.2504
126.8,115.6,63.2504
126.9,115.7,63.2504
127,115.8,63.2504
127.1,115.9,63.2504
127.2,116,63.2504
127.3,116.1,63.2504
127.4,116.2,63.2504
127.5,116.3,63.2504
127.6,116.4,63.2504
127.7,116.5,63.2504
127.8,116.6,63.2504
127.9,116.7,63.2504
128,116.8,63.2504
128.1,116.9,63.2504
128.2,117,63.2504
128.3,117.1,63.2504
128.4,117.2,63.2504
128.5,117.3,63.2504
128.6,117.4,63.2504
128.7,117.5,63.2504
128.8,117.6,63.2504
128.9,117.7,63.2504
129,117.8,63.2504
129.1,117.9,63.2504
129.2,118,63.2504
129.3,118.1,63.2504
129.4,118.2,63.2504
129.5,118.3,63.2504
129.6,118.4,63.2504
129.7,118.5,63.2504
129.8,118.6,63.2504
129.9,118.7,63.2504
130,118.8,63.2504
130.1,118.9,63.2504
130.2,119,63.2504
130.3,119.1,63.2504
130.4,119.2,63.2504
130.5,119.3,63.2504
130.6,119.4,63.2504
130.7,119.5,63.2504
130.8,119.6,63.2504
130.9,119.7,63.2504
131,119.8,63.2504
131.1,119.9,63.2504
131.2,120,63.2504
131.3,120.1,63.2504
131.4,120.2,63.2504
131.5,120.3,63.2504
131.6,120.4,63.2504
131.7,120.5,63.2504
131.8,120.6,63.2504
131.9,120.7,63.2504
132,120.8,63.2504
132.1,120.9,63.2504
132.2,121,63.2504
132.3,121.1,63.2504
132.4,121.2,63.2504
132.5,121.3,63.2504
132.6,121.4,63.2504
132.7,121.5,63.2504
132.8,121.6,63.2504
132.9,121.7,63.2504
133,121.8,63.2504
133.1,121.9,63.2504
133.2,122,63.2504
133.3,122.1,63.2504
133.4,122.2,63.2504
133.5,122.3,63.2504
133.6,122.4,63.2504
133.7,122.5,63.2504
133.8,122.6,63.2504
133.9,122.7,63.2504
134,122.8,63.2504
134.1,122.9,63.2504
134.2,123,63.2504
134.3,123.1,63.2504
134.4,123.2,63.2504
134.5,123.3,63.2504
134.6,123.4,63.2504
134.7,123.5,63.2504
134.8,123.6,63.2504
134.9,123.7,63.2504
135,123.8,63.2504
135.1,123.9,63.2504
135.2,124,63.2504
135.3,124.1,63.2504
135.4,124.2,63.2504
135.5,124.3,63.2504
135.6,124.4,63.2504
135.7,124.5,63.2504
135.8,124.6,63.2504
135.9,124.7,63.2504
136,124.8,63.2504
136.1,124.9,63.2504
136.2,125,63.2504
136.3,125.1,63.2504
136.4,125.2,63.2504
136.5,125.3,63.2504
136.6,125.4,63.2504
136.7,125.5,63.2504
136.8,125.6,63.2504
136.9,125.7,63.2504
137,125.8,63.2504
137.1,125.9,63.2504
137.2,126,63.2504
137.3,126.1,63.2504
137.4,126.2,63.2504
137.5,126.3,63.2504
137.6,126.4,63.2504
137.7,126.5,63.2504
137.8,126.6,63.2504
137.9,98,63.2504
138,98.1,63.2504
138.1,98.2,63.2504
138.2,98.3,63.2504
138.3,98.4,63.2504
138.4,98.5,63.2504
138.5,98.6,63.2504
138.6,98.7,63.2504
138.7,98.8,63.2504
138.8,98.9,63.2504
138.9,99,63.2504
139,99.1,63.2504
139.1,99.2,63.2504
139.2,99.3,63.2504
139.3,99.4,63.2504
139.4,99.5,63.2504
139.5,99.6,63.2504
139.6,99.7,63.2504
139.7,99.8,63.2504
139.8,99.9,63.2504
139.9,100,63.2504
140,100.1,63.2504
140.1,100.2,63.2504
140.2,100.3,63.2504
140.3,100.4,63.2504
140.4,100.5,63.2504
140.5,100.6,63.2504
140.6,100.7,63.2504
140.7,100.8,63.2504
140.8,100.9,63.2504
140.9,101,63.2504
141,101.1,63.2504
141.1,101.2,63.2504
141.2,101.3,63.2504
141.3,101.4,63.2504
141.4,101.5,63.2504
141.5,101.6,63.2504
141.6,101.7,63.2504
141.7,101.8,63.2504
141.8,101.9,63.2504
141.9,102,63.2504
142,102.1,63.2504
142.1,102.2,63.2504
142.2,102.3,63.2504
142.3,102.4,63.2504
142.4,102.5,63.2504
142.5,102.6,63.2504
142.6,102.7,63.2504
142.7,102.8,63.2504
142.8,102.9,63.2504
142.9,103,63.2504
143,103.1,63.2504
143.1,103.2,63.2504
143.2,103.3,63.2504
143.3,103.4,63.2504
143.4,103.5,63.2504
143.5,103.6,63.2504
143.6,103.7,63.2504
143.7,103.8,63.2504
143.8,103.9,63.2504
143.9,104,63.2504
144,104.1,63.2504
144.1,104.2,63.2504
144.2,104.3,63.2504
144.3,104.4,63.2504
144.4,104.5,63.2504
144.5,104.6,63.2504
144.6,104.7,63.2504
144.7,104.8,63.2504
144.8,104.9,63.2504
144.9,105,63.2504
145,105.1,63.2504
145.1,105.2,63.2504
145.2,105.3,63.2504
145.3,105.4,63.2504
145.4,105.5,63.2504
145.5,105.6,63.2504
145.6,105.7,63.2504
145.7,105.8,63.2504
145.8,105.9,63.2504
145.9,106,63.2504
146,106.1,63.2504
146.1,106.2,63.2504
146.2,106.3,63.2504
146.3,106.4,63.2504
146.4,106.5,63.2504
146.5,106.6,63.2504
146.6,106.7,63.2504
146.7,106.8,63.2504
146.8,106.9,63.2504
146.9,107,63.2504
147,107.1,63.2504
147.1,107.2,63.2504
147.2,107.3,63.2504
147.3,107.4,63.2504
147.4,107.5,63.2504
147.5,107.6,63.2504
147.6,107.7,63.2504
147.7,107.8,63.2504
147.8,107.9,63.2504
147.9,108,63.2504
148,108.1,63.2504
148.1,108.2,63.2504
148.2,108.3,63.2504
148.3,108.4,63.2504
148.4,108.5,63.2504
148.5,108.6,63.2504
148.6,108.7,63.2504
148.7,108.8,63.2504
148.8,108.9,63.2504
148.9,109,63.2504
149,109.1,63.2504
149.1,109.2,63.2504
149.2,109.3,63.2504
149.3,109.4,63.2504
149.4,109.5,63.2504
149.5,109.6,63.2504
149.6,109.7,63.2504
149.7,109.8,63.2504
149.8,109.9,63.2504
149.9,110,63.2504
150,110.1,63.2504
150.1,110.2,63.2504
150.2,110.3,63.2504
150.3,110.4,63.2504
150.4,110.5,63.2504
150.5,110.6,63.2504
150.6,110.7,63.2504
150.7,110.8,63.2504
150.8,110.9,63.2504
150.9,111,63.2504
151,111.1,63.2504
151.1,111.2,63.2504
151.2,111.3,63.2504
151.3,111.4,63.2504
151.4,111.5,63.2504
151.5,111.6,63.2504
151.6,111.7,63.2504
151.7,111.8,63.2504
151.8,111.9,63.2504
151.9,112,63.2504
152,112.1,63.2504
152.1,112.2,63.2504
152.2,112.3,63.2504
152.3,112.4,63.2504
152.4,112.5,63.2504
152.5,112.6,63.2504
152.6,112.7,63.2504
152.7,112.8,63.2504
152.8,112.9,63.2504
152.9,113,63.2504
153,113.1,63.2504
153.1,113.2,63.2504
153.2,113.3,63.2504
153.3,113.4,63.2504
153.4,113.5,63.2504
153.5,113.6,63.2504
153.6,113.7,63.2504
153.7,113.8,63.2504
153.8,113.9,63.2504
153.9,114,63.2504
154,114.1,63.2504
154.1,114.2,63.2504
154.2,114.3,63.2504
154.3,114.4,63.2504
154.4,114.5,63.2504
154.5,114.6,63.2504
154.6,114.7,63.2504
154.7,114.8,63.2504
154.8,114.9,63.2504
154.9,115,63.2504
155,115.1,63.2504
155.1,115.2,63.2504
155.2,115.3,63.2504
155.3,115.4,63.2504
155.4,115.5,63.2504
155.5,115.6,63.2504
155.6,115.7,63.2504
155.7,115.8,63.2504
155.8,115.9,63.2504
155.9,116,63.2504
156,116.1,63.2504
156.1,116.2,63.2504
156.2,116.3,63.2504
156.3,116.4,63.2504
156.4,116.5,63.2504
156.5,116.6,63.2504
156.6,116.7,63.2504
156.7,116.8,63.2504
156.8,116.9,63.2504
156.9,117,63.2504
157,117.1,63.2504
157.1,117.2,63.2504
157.2,117.3,63.2504
157.3,117.4,63.2504
157.4,117.5,63.2504
157.5,117.6,63.2504
157.6,117.7,63.2504
157.7,117.8,63.2504
157.8,117.9,63.2504
157.9,118,63.2504
158,118.1,63.2504
158.1,118.2,63.2504
158.2,118.3,63.2504
158.3,118.4,63.2504
158.4,118.5,63.2504
158.5,118.6,63.2504
158.6,118.7,63.2504
158.7,3.4,63.2504
158.8,3.5,63.2504
158.9,3.6,63.2504
159,3.7,63.2504
159.1,3.8,63.2504
159.2,3.9,63.2504
159.3,4,63.2504
159.4,4.1,63.2504
159.5,4.2,63.2504
159.6,4.3,63.2504
159.7,4.4,63.2504
159.8,4.5,63.2504
159.9,4.6,63.2504
160,4.7,63.2504
160.1,4.8,63.2504
160.2,4.9,63.2504
160.3,5,63.2504
160.4,5.1,63.2504
160.5,5.2,63.2504
160.6,5.3,63.2504
160.7,5.4,63.2504
160.8,5.5,63.2504
160.9,5.6,63.2504
161,5.7,63.2504
161.1,5.8,63.2504
161.2,5.9,63.2504
161.3,6,63.2504
161.4,6.1,63.2504
161.5,6.2,63.2504
161.6,6.3,63.2504
161.7,6.4,63.2504
161.8,6.5,63.2504
161.9,6.6,63.2504
162,6.7,63.2504
162.1,6.8,63.2504
162.2,6.9,63.2504
162.3,7,63.2504
162.4,7.1,63.2504
162.5,7.2,63.2504
162.6,7.3,63.2504
162.7,7.4,63.2504
162.8,7.5,63.2504
162.9,7.6,63.2504
163,7.7,63.2504
163.1,7.8,63.2504
163.2,7.9,63.2504
163.3,8,63.2504
163.4,8.1,63.2504
163.5,8.2,63.2504
163.6,8.3,63.2504
163.7,8.4,63.2504
163.8,8.5,63.2504
163.9,8.6,63.2504
164,8.7,63.2504
164.1,8.8,63.2504
164.2,8.9,63.2504
164.3,9,63.2504
164.4,9.1,63.2504
164.5,9.2,63.2504
164.6,9.3,63.2504
164.7,9.4,63.2504
164.8,9.5,63.2504
164.9,9.6,63.2504
165,9.7,63.2504
165.1,9.8,63.2504
165.2,9.9,63.2504
165.3,10,63.2504
165.4,10.1,63.2504
165.5,10.2,63.2504
165.6,10.3,63.2504
165.7,10.4,63.2504
165.8,10.5,63.2504
165.9,10.6,63.2504
166,10.7,63.2504
166.1,10.8,63.2504
166.2,10.9,63.2504
166.3,11,63.2504
166.4,11.1,63.2504
166.5,11.2,63.2504
166.6,11.3,63.2504
166.7,11.4,63.2504
166.8,11.5,63.2504
166.9,11.6,63.2504
167,11.7,63.2504
167.1,11.8,63.2504
167.2,11.9,63.2504
167.3,12,63.2504
167.4,12.1,63.2504
167.5,12.2,63.2504
167.6,12.3,63.2504
167.7,12.4,63.2504
167.8,12.5,63.2504
167.9,12.6,63.2504
168,12.7,63.2504
168.1,12.8,63.2504
168.2,12.9,63.2504
168.3,13,63.2504
168.4,13.1,63.2504
168.5,13.2,63.2504
168.6,13.3,63.2504
168.7,13.4,63.2504
168.8,13.5,63.2504
168.9,13.6,63.2504
169,13.7,63.2504
169.1,13.8,63.2504
169.2,13.9,63.2504
169.3,14,63.2504
169.4,14.1,63.2504
169.5,14.2,63.2504
169.6,14.3,63.2504
169.7,14.4,63.2504
169.8,14.5,63.2504
169.9,14.6,63.2504
170,14.7,63.2504
170.1,14.8,63.2504
170.2,14.9,63.2504
170.3,15,63.2504
170.4,15.1,63.2504
170.5,15.2,63.2504
170.6,15.3,63.2504
170.7,15.4,63.2504
170.8,15.5,63.2504
170.9,15.6,63.2504
171,15.7,63.2504
171.1,15.8,63.2504
171.2,15.9,63.2504
171.3,16,63.2504
171.4,16.1,63.2504
171.5,16.2,63.2504
171.6,16.3,63.2504
171.7,16.4,63.2504
171.8,16.5,63.2504
171.9,16.6,63.2504
172,16.7,63.2504
172.1,16.8,63.2504
172.2,16.9,63.2504
172.3,17,63.2504
172.4,17.1,63.2504
172.5,17.2,63.2504
172.6,17.3,63.2504
172.7,17.4,63.2504
172.8,17.5,63.2504
172.9,17.6,63.2504
173,17.7,63.2504
173.1,17.8,63.2504
173.2,17.9,63.2504
173.3,18,63.2504
173.4,18.1,63.2504
173.5,18.2,63.2504
173.6,18.3,63.2504
173.7,18.4,63.2504
173.8,18.5,63.2504
173.9,18.6,63.2504
174,18.7,63.2504
174.1,18.8,63.2504
174.2,18.9,63.2504
174.3,19,63.2504
174.4,19.1,63.2504
174.5,19.2,63.2504
174.6,19.3,63.2504
174.7,19.4,63.2504
174.8,19.5,63.2504
174.9,19.6,63.2504
175,19.7,63.2504
175.1,19.8,63.2504
175.2,19.9,63.2504
175.3,20,63.2504
175.4,20.1,63.2504
175.5,20.2,63.2504
175.6,20.3,63.2504
175.7,20.4,63.2504
175.8,20.5,63.2504
175.9,20.6,63.2504
176,20.7,63.2504
176.1,20.8,63.2504
176.2,20.9,63.2504
176.3,21,63.2504
176.4,21.1,63.2504
176.5,21.2,63.2504
176.6,21.3,63.2504
176.7,21.4,63.2504
176.8,21.5,63.2504
176.9,21.6,63.2504
177,21.7,63.2504
177.1,21.8,63.2504
177.2,21.9,63.2504
177.3,22,63.2504
177.4,22.1,63.2504
177.5,22.2,63.2504
177.6,22.3,63.2504
177.7,22.4,63.2504
177.8,22.5,63.2504
177.9,22.6,63.2504
178,22.7,63.2504
178.1,22.8,63.2504
178.2,22.9,63.2504
178.3,23,63.2504
178.4,23.1,63.2504
178.5,23.2,63.2504
178.6,23.3,63.2504
178.7,23.4,63.2504
178.8,23.5,63.2504
178.9,23.6,63.2504
179,23.7,63.2504
179.1,23.8,63.2504
179.2,23.9,63.2504
179.3,24,63.2504
179.4,24.1,63.2504
179.5,24.2,63.2504
179.6,24.3,63.2504
179.7,24.4,63.2504
179.8,24.5,63.2504
179.9,24.6,63.2504
180,24.7,63.2504
180.1,24.8,63.2504
180.2,24.9,63.2504
180.3,25,63.2504
180.4,25.1,63.2504
180.5,25.2,63.2504
180.6,25.3,63.2504
180.7,25.4,63.2504
180.8,25.5,63.2504
180.9,25.6,63.2504
181,25.7,63.2504
181.1,25.8,63.2504
181.2,25.9,63.2504
181.3,26,63.2504
181.4,26.1,63.2504
181.5,26.2,63.2504
181.6,26.3,63.2504
181.7,26.4,63.2504
181.8,26.5,63.2504
181.9,26.6,63.2504
182,26.7,63.2504
182.1,26.8,63.2504
182.2,26.9,63.2504
182.3,27,63.2504
182.4,27.1,63.2504
182.5,27.2,63.2504
182.6,27.3,63.2504
182.7,27.4,63.2504
182.8,27.5,63.2504
182.9,27.6,63.2504
183,27.7,63.2504
183.1,27.8,63.2504
183.2,27.9,63.2504
183.3,28,63.2504
183.4,28.1,63.2504
183.5,28.2,63.2504
183.6,28.3,63.2504
183.7,28.4,63.2504
183.8,28.5,63.2504
183.9,28.6,63.2504
184,28.7,63.2504
184.1,28.8,63.2504
184.2,28.9,63.2504
184.3,29,63.2504
184.4,29.1,63.2504
184.5,29.2,63.2504
184.6,29.3,63.2504
184.7,29.4,63.2504
184.8,29.5,63.2504
184.9,29.6,63.2504
185,29.7,63.2504
185.1,29.8,63.2504
185.2,29.9,63.2504
185.3,30,63.2504
185.4,30.1,63.2504
185.5,30.2,63.2504
185.6,30.3,63.2504
185.7,30.4,63.2504
185.8,30.5,63.2504
185.9,30.6,63.2504
186,30.7,63.2504
186.1,30.8,63.2504
186.2,30.9,63.2504
186.3,31,63.2504
186.4,31.1,63.2504
186.5,31.2,63.2504
186.6,31.3,63.2504
186.7,31.4,63.2504
186.8,31.5,63.2504
186.9,31.6,63.2504
187,31.7,63.2504
187.1,31.8,63.2504
187.2,31.9,63.2504
187.3,32,63.2504
187.4,32.1,63.2504
187.5,32.2,63.2504
187.6,32.3,63.2504
187.7,32.4,63.2504
187.8,32.5,63.2504
187.9,32.6,63.2504
188,32.7,63.2504
188.1,32.8,63.2504
188.2,32.9,63.2504
188.3,33,63.2504
188.4,33.1,63.2504
188.5,33.2,63.2504
188.6,33.3,63.2504
188.7,33.4,63.2504
188.8,33.5,63.2504
188.9,33.6,63.2504
189,33.7,63.2504
189.1,33.8,63.2504
189.2,33.9,63.2504
189.3,34,63.2504
189.4,34.1,63.2504
189.5,34.2,63.2504
189.6,34.3,63.2504
189.7,34.4,63.2504
189.8,34.5,63.2504
189.9,34.6,63.2504
190,34.7,63.2504
190.1,34.8,63.2504
190.2,34.9,63.2504
190.3,35,63.2504
190.4,35.1,63.2504
190.5,35.2,63.2504
190.6,35.3,63.2504
190.7,35.4,63.2504
190.8,35.5,63.2504
190.9,35.6,63.2504
191,35.7,63.2504
191.1,35.8,63.2504
191.2,35.9,63.2504
191.3,36,63.2504
191.4,36.1,63.2504
191.5,36.2,63.2504
191.6,36.3,63.2504
191.7,36.4,63.2504
191.8,36.5,63.2504
191.9,36.6,63.2504
192,36.7,63.2504
192.1,36.8,63.2504
192.2,36.9,63.2504
192.3,37,63.2504
192.4,37.1,63.2504
192.5,37.2,63.2504
192.6,37.3,63.2504
192.7,37.4,63.2504
192.8,37.5,63.2504
192.9,37.6,63.2504
193,37.7,63.2504
193.1,37.8,63.2504
193.2,37.9,63.2504
193.3,38,63.2504
193.4,38.1,63.2504
193.5,38.2,63.2504
193.6,38.3,63.2504
193.7,38.4,63.2504
193.8,38.5,63.2504
193.9,38.6,63.2504
194,38.7,63.2504
194.1,38.8,63.2504
194.2,38.9,63.2504
194.3,39,63.2504
194.4,39.1,63.2504
194.5,39.2,63.2504
194.6,39.3,63.2504
194.7,39.4,63.2504
194.8,39.5,63.2504
194.9,39.6,63.2504
195,39.7,63.2504
195.1,39.8,63.2504
195.2,39.9,63.2504
195.3,40,63.2504
195.4,40.1,63.2504
195.5,40.2,63.2504
195.6,40.3,63.2504
195.7,40.4,63.2504
195.8,40.5,63.2504
195.9,40.6,63.2504
196,40.7,63.2504
196.1,40.8,63.2504
196.2,40.9,63.2504
196.3,41,63.2504
196.4,41.1,63.2504
196.5,41.2,63.2504
196.6,41.3,63.2504
196.7,41.4,63.2504
196.8,41.5,63.2504
196.9,41.6,63.2504
197,41.7,63.2504
197.1,41.8,63.2504
197.2,41.9,63.2504
197.3,42,63.2504
197.4,42.1,63.2504
197.5,42.2,63.2504
197.6,42.3,63.2504
197.7,42.4,63.2504
197.8,42.5,63.2504
197.9,42.6,63.2504
198,42.7,63.2504
198.1,42.8,63.2504
198.2,42.9,63.2504
198.3,43,63.2504
198.4,43.1,63.2504
198.5,43.2,63.2504
198.6,43.3,63.2504
198.7,43.4,63.2504
198.8,43.5,63.2504
198.9,43.6,63.2504
199,43.7,63.2504
199.1,43.8,63.2504
199.2,43.9,63.2504
199.3,44,63.2504
199.4,44.1,63.2504
199.5,44.2,63.2504
199.6,44.3,63.2504
199.7,44.4,63.2504
199.8,44.5,63.2504
199.9,44.6,63.2504
200,44.7,63.2504
200.1,44.8,63.2504
200.2,44.9,63.2504
200.3,45,63.2504
200.4,45.1,63.2504
200.5,45.2,63.2504
200.6,45.3,63.2504
200.7,45.4,63.2504
200.8,45.5,63.2504
200.9,45.6,63.2504
201,45.7,63.2504
201.1,45.8,63.2504
201.2,45.9,63.2504
201.3,46,63.2504
201.4,46.1,63.2504
201.5,46.2,63.2504
201.6,46.3,63.2504
201.7,46.4,63.2504
201.8,46.5,63.2504
201.9,46.6,63.2504
202,46.7,63.2504
202.1,46.8,63.2504
202.2,46.9,63.2504
202.3,47,63.2504
202.4,47.1,63.2504
202.5,47.2,63.2504
202.6,47.3,63.2504
202.7,47.4,63.2504
202.8,47.5,63.2504
202.9,47.6,63.2504
203,47.7,63.2504
203.1,47.8,63.2504
203.2,47.9,63.2504
203.3,48,63.2504
203.4,48.1,63.2504
203.5,48.2,63.2504
203.6,48.3,63.2504
203.7,48.4,63.2504
203.8,48.5,63.2504
203.9,48.6,63.2504
204,48.7,63.2504
204.1,48.8,63.2504
204.2,48.9,63.2504
204.3,49,63.2504
204.4,49.1,63.2504
204.5,49.2,63.2504
204.6,49.3,63.2504
204.7,49.4,63.2504
204.8,49.5,63.2504
204.9,49.6,63.2504
205,49.7,63.2504
205.1,49.8,63.2504
205.2,49.9,63.2504
205.3,50,63.2504
205.4,50.1,63.2504
205.5,50.2,63.2504
205.6,50.3,63.2504
205.7,50.4,63.2504
205.8,50.5,63.2504
205.9,50.6,63.2504
206,50.7,63.2504
206.1,50.8,63.2504
206.2,50.9,63.2504
206.3,51,63.2504
206.4,51.1,63.2504
206.5,51.2,63.2504
206.6,51.3,63.2504
206.7,51.4,63.2504
206.8,51.5,63.2504
206.9,51.6,63.2504
207,51.7,63.2504
207.1,51.8,63.2504
207.2,51.9,63.2504
207.3,52,63.2504
207.4,52.1,63.2504
207.5,52.2,63.2504
207.6,52.3,63.2504
207.7,52.4,63.2504
207.8,52.5,63.2504
207.9,52.6,63.2504
208,52.7,63.2504
208.1,52.8,63.2504
208.2,52.9,63.2504
208.3,53,63.2504
208.4,53.1,63.2504
208.5,19.4,63.2504
208.6,19.5,63.2504
208.7,19.6,63.2504
208.8,19.7,63.2504
208.9,19.8,63.2504
209,19.9,63.2504
209.1,20,63.2504
209.2,20.1,63.2504
209.3,20.2,63.2504
209.4,20.3,63.2504
209.5,20.4,63.2504
209.6,20.5,63.2504
209.7,20.6,63.2504
209.8,20.7,63.2504
209.9,20.8,63.2504
210,20.9,63.2504
210.1,21,63.2504
210.2,21.1,63.2504
210.3,21.2,63.2504
210.4,21.3,63.2504
210.5,21.4,63.2504
210.6,21.5,63.2504
210.7,21.6,63.2504
210.8,21.7,63.2504
210.9,21.8,63.2504
211,21.9,63.2504
211.1,22,63.2504
211.2,22.1,63.2504
211.3,22.2,63.2504
211.4,22.3,63.2504
211.5,22.4,63.2504
211.6,22.5,63.2504
211.7,22.6,63.2504
211.8,22.7,63.2504
211.9,22.8,63.2504
212,22.9,63.2504
212.1,23,63.2504
212.2,23.1,63.2504
212.3,23.2,63.2504
212.4,23.3,63.2504
212.5,23.4,63.2504
212.6,23.5,63.2504
212.7,23.6,63.2504
212.8,23.7,63.2504
212.9,23.8,63.2504
213,23.9,63.2504
213.1,24,63.2504
213.2,24.1,63.2504
213.3,24.2,63.2504
213.4,24.3,63.2504
213.5,24.4,63.2504
213.6,24.5,63.2504
213.7,24.6,63.2504
213.8,24.7,63.2504
213.9,24.8,63.2504
214,24.9,63.2504
214.1,25,63.2504
214.2,25.1,63.2504
214.3,25.2,63.2504
214.4,25.3,63.2504
214.5,25.4,63.2504
214.6,25.5,63.2504
214.7,25.6,63.2504
214.8,25.7,63.2504
214.9,25.8,63.2504
215,25.9,63.2504
215.1,26,63.2504
215.2,26.1,63.2504
215.3,26.2,63.2504
215.4,26.3,63.2504
215.5,26.4,63.2504
215.6,26.5,63.2504
215.7,26.6,63.2504
215.8,26.7,63.2504
215.9,26.8,63.2504
216,26.9,63.2504
216.1,27,63.2504
216.2,27.1,63.2504
216.3,27.2,63.2504
216.4,27.3,63.2504
216.5,27.4,63.2504
216.6,27.5,63.2504
216.7,27.6,63.2504
216.8,27.7,63.2504
216.9,27.8,63.2504
217,27.9,63.2504
217.1,28,63.2504
217.2,28.1,63.2504
217.3,28.2,63.2504
217.4,28.3,63.2504
217.5,28.4,63.2504
217.6,28.5,63.2504
217.7,28.6,63.2504
217.8,28.7,63.2504
217.9,28.8,63.2504
218,28.9,63.2504
218.1,29,63.2504
218.2,29.1,63.2504
218.3,29.2,63.2504
218.4,29.3,63.2504
218.5,29.4,63.2504
218.6,29.5,63.2504
218.7,29.6,63.2504
218.8,29.7,63.2504
218.9,29.8,63.2504
219,29.9,63.2504
219.1,30,63.2504
219.2,30.1,63.2504
219.3,30.2,63.2504
219.4,30.3,63.2504
219.5,30.4,63.2504
219.6,30.5,63.2504
219.7,30.6,63.2504
219.8,30.7,63.2504
219.9,30.8,63.2504
220,30.9,63.2504
220.1,31,63.2504
220.2,31.1,63.2504
220.3,31.2,63.2504
220.4,31.3,63.2504
220.5,31.4,63.2504
220.6,31.5,63.2504
220.7,31.6,63.2504
220.8,31.7,63.2504
220.9,31.8,63.2504
221,31.9,63.2504
221.1,32,63.2504
221.2,32.1,63.2504
221.3,32.2,63.2504
221.4,32.3,63.2504
221.5,32.4,63.2504
221.6,32.5,63.2504
221.7,32.6,63.2504
221.8,32.7,63.2504
221.9,32.8,63.2504
222,32.9,63.2504
222.1,33,63.2504
222.2,33.1,63.2504
222.3,33.2,63.2504
222.4,33.3,63.2504
222.5,33.4,63.2504
222.6,33.5,63.2504
222.7,33.6,63.2504
222.8,33.7,63.2504
222.9,33.8,63.2504
223,33.9,63.2504
223.1,34,63.2504
223.2,34.1,63.2504
223.3,34.2,63.2504
223.4,34.3,63.2504
223.5,34.4,63.2504
223.6,34.5,63.2504
223.7,34.6,63.2504
223.8,34.7,63.2504
223.9,34.8,63.2504
224,34.9,63.2504
224.1,35,63.2504
224.2,35.1,63.2504
224.3,35.2,63.2504
224.4,35.3,63.2504
224.5,35.4,63.2504
224.6,35.5,63.2504
224.7,35.6,63.2504
224.8,35.7,63.2504
224.9,35.8,63.2504
225,35.9,63.2504
225.1,36,63.2504
225.2,36.1,63.2504
225.3,36.2,63.2504
225.4,36.3,63.2504
225.5,36.4,63.2504
225.6,36.5,63.2504
225.7,36.6,63.2504
225.8,36.7,63.2504
225.9,36.8,63.2504
226,36.9,63.2504
226.1,37,63.2504
226.2,37.1,63.2504
226.3,37.2,63.2504
226.4,37.3,63.2504
226.5,37.4,63.2504
226.6,37.5,63.2504
226.7,37.6,63.2504
226.8,37.7,63.2504
226.9,37.8,63.2504
227,37.9,63.2504
227.1,38,63.2504
227.2,38.1,63.2504
227.3,38.2,63.2504
227.4,38.3,63.2504
227.5,38.4,63.2504
227.6,38.5,63.2504
227.7,38.6,63.2504
227.8,38.7,63.2504
227.9,38.8,63.2504
228,38.9,63.2504
228.1,39,63.2504
228.2,39.1,63.2504
228.3,39.2,63.2504
228.4,39.3,63.2504
228.5,39.4,63.2504
228.6,39.5,63.2504
228.7,39.6,63.2504
228.8,39.7,63.2504
228.9,39.8,63.2504
229,39.9,63.2504
229.1,40,63.2504
229.2,40.1,63.2504
229.3,40.2,63.2504
229.4,40.3,63.2504
229.5,40.4,63.2504
229.6,40.5,63.2504
229.7,40.6,63.2504
229.8,40.7,63.2504
229.9,40.8,63.2504
230,40.9,63.2504
230.1,41,63.2504
230.2,41.1,63.2504
230.3,41.2,63.2504
230.4,41.3,63.2504
230.5,41.4,63.2504
230.6,41.5,63.2504
230.7,41.6,63.2504
230.8,41.7,63.2504
230.9,41.8,63.2504
231,41.9,63.2504
231.1,42,63.2504
231.2,42.1,63.2504
231.3,42.2,63.2504
231.4,42.3,63.2504
231.5,42.4,63.2504
231.6,42.5,63.2504
231.7,42.6,63.2504
231.8,42.7,63.2504
231.9,42.8,63.2504
232,42.9,63.2504
232.1,43,63.2504
232.2,43.1,63.2504
232.3,43.2,63.2504
232.4,43.3,63.2504
232.5,43.4,63.2504
232.6,43.5,63.2504
232.7,43.6,63.2504
232.8,43.7,63.2504
232.9,43.8,63.2504
233,43.9,63.2504
233.1,44,63.2504
233.2,44.1,63.2504
233.3,44.2,63.2504
233.4,44.3,63.2504
233.5,44.4,63.2504
233.6,44.5,63.2504
233.7,44.6,63.2504
233.8,44.7,63.2504
233.9,44.8,63.2504
234,44.9,63.2504
234.1,45,63.2504
234.2,45.1,63.2504
234.3,45.2,63.2504
234.4,45.3,63.2504
234.5,45.4,63.2504
234.6,45.5,63.2504
234.7,45.6,63.2504
234.8,45.7,63.2504
234.9,45.8,63.2504
235,45.9,63.2504
235.1,46,63.2504
235.2,46.1,63.2504
235.3,46.2,63.2504
235.4,46.3,63.2504
235.5,46.4,63.2504
235.6,46.5,63.2504
235.7,46.6,63.2504
235.8,46.7,63.2504
235.9,46.8,63.2504
236,46.9,63.2504
236.1,47,63.2504
236.2,47.1,63.2504
236.3,47.2,63.2504
236.4,47.3,63.2504
236.5,47.4,63.2504
236.6,47.5,63.2504
236.7,47.6,63.2504
236.8,47.7,63.2504
236.9,47.8,63.2504
237,47.9,63.2504
237.1,48,63.2504
237.2,48.1,63.2504
237.3,48.2,63.2504
237.4,48.3,63.2504
237.5,48.4,63.2504
237.6,48.5,63.2504
237.7,48.6,63.2504
237.8,48.7,63.2504
237.9,48.8,63.2504
238,48.9,63.2504
238.1,49,63.2504
238.2,49.1,63.2504
238.3,49.2,63.2504
238.4,49.3,63.2504
238.5,49.4,63.2504
238.6,49.5,63.2504
238.7,49.6,63.2504
238.8,49.7,63.2504
238.9,49.8,63.2504
239,49.9,63.2504
239.1,50,63.2504
239.2,50.1,63.2504
239.3,50.2,63.2504
239.4,50.3,63.2504
239.5,50.4,63.2504
239.6,50.5,63.2504
239.7,50.6,63.2504
239.8,50.7,63.2504
239.9,50.8,63.2504
240,50.9,63.2504
240.1,51,63.2504
240.2,51.1,63.2504
240.3,51.2,63.2504
240.4,51.3,63.2504
240.5,51.4,63.2504
240.6,51.5,63.2504
240.7,51.6,63.2504
240.8,51.7,63.2504
240.9,51.8,63.2504
241,51.9,63.2504
241.1,52,63.2504
241.2,52.1,63.2504
241.3,52.2,63.2504
241.4,52.3,63.2504
241.5,52.4,63.2504
241.6,52.5,63.2504
241.7,52.6,63.2504
241.8,52.7,63.2504
241.9,52.8,63.2504
242,52.9,63.2504
242.1,53,63.2504
242.2,53.1,63.2504
242.3,53.2,63.2504
242.4,53.3,63.2504
242.5,53.4,63.2504
242.6,53.5,63.2504
242.7,53.6,63.2504
242.8,53.7,63.2504
242.9,53.8,63.2504
243,53.9,63.2504
243.1,54,63.2504
243.2,54.1,63.2504
243.3,54.2,63.2504
243.4,54.3,63.2504
243.5,54.4,63.2504
243.6,54.5,63.2504
243.7,54.6,63.2504
243.8,54.7,63.2504
243.9,54.8,63.2504
244,54.9,63.2504
244.1,55,63.2504
244.2,55.1,63.2504
244.3,55.2,63.2504
244.4,55.3,63.2504
244.5,55.4,63.2504
244.6,55.5,63.2504
244.7,55.6,63.2504
244.8,55.7,63.2504
244.9,55.8,63.2504
245,55.9,63.2504
245.1,56,63.2504
245.2,56.1,63.2504
245.3,56.2,63.2504
245.4,56.3,63.2504
245.5,56.4,63.2504
245.6,56.5,63.2504
245.7,56.6,63.2504
245.8,56.7,63.2504
245.9,56.8,63.2504
246,56.9,63.2504
246.1,57,63.2504
246.2,57.1,63.2504
246.3,57.2,63.2504
246.4,57.3,63.2504
246.5,57.4,63.2504
246.6,57.5,63.2504
246.7,57.6,63.2504
246.8,57.7,63.2504
246.9,57.8,63.2504
247,57.9,63.2504
247.1,58,63.2504
247.2,58.1,63.2504
247.3,58.2,63.2504
247.4,58.3,63.2504
247.5,58.4,63.2504
247.6,58.5,63.2504
247.7,58.6,63.2504
247.8,58.7,63.2504
247.9,58.8,63.2504
248,58.9,63.2504
248.1,59,63.2504
248.2,59.1,63.2504
248.3,59.2,63.2504
248.4,59.3,63.2504
248.5,59.4,63.2504
248.6,59.5,63.2504
248.7,59.6,63.2504
248.8,59.7,63.2504
248.9,59.8,63.2504
249,59.9,63.2504
249.1,60,63.2504
249.2,60.1,63.2504
249.3,60.2,63.2504
249.4,60.3,63.2504
249.5,60.4,63.2504
249.6,60.5,63.2504
249.7,60.6,63.2504
249.8,60.7,63.2504
249.9,60.8,63.2504
250,60.9,63.2504
250.1,61,63.2504
250.2,61.1,63.2504
250.3,61.2,63.2504
250.4,61.3,63.2504
250.5,61.4,63.2504
250.6,61.5,63.2504
250.7,61.6,63.2504
250.8,61.7,63.2504
250.9,61.8,63.2504
251,61.9,63.2504
251.1,62,63.2504
251.2,62.1,63.2504
251.3,62.2,63.2504
251.4,62.3,63.2504
251.5,62.4,63.2504
251.6,62.5,63.2504
251.7,62.6,63.2504
251.8,62.7,63.2504
251.9,62.8,63.2504
252,62.9,63.2504
252.1,63,63.2504
252.2,63.1,63.2504
252.3,63.2,63.2504
252.4,63.3,63.2504
252.5,63.4,63.2504
252.6,63.5,63.2504
252.7,63.6,63.2504
252.8,63.7,63.2504
252.9,63.8,63.2504
253,63.9,63.2504
253.1,64,63.2504
253.2,64.1,63.2504
253.3,64.2,63.2504
253.4,64.3,63.2504
253.5,64.4,63.2504
253.6,64.5,63.2504
253.7,64.6,63.2504
253.8,64.7,63.2504
253.9,64.8,63.2504
254,64.9,63.2504
254.1,65,63.2504
254.2,65.1,63.2504
254.3,65.2,63.2504
254.4,65.3,63.2504
254.5,65.4,63.2504
254.6,65.5,63.2504
254.7,65.6,63.2504
254.8,65.7,63.2504
254.9,65.8,63.2504
255,65.9,63.2504
255.1,66,63.2504
255.2,66.1,63.2504
255.3,66.2,63.2504
255.4,66.3,63.2504
255.5,66.4,63.2504
255.6,66.5,63.2504
255.7,66.6,63.2504
255.8,66.7,63.2504
255.9,66.8,63.2504
256,66.9,63.2504
256.1,67,63.2504
256.2,67.1,63.2504
256.3,67.2,63.2504
256.4,67.3,63.2504
256.5,67.4,63.2504
256.6,67.5,63.2504
256.7,67.6,63.2504
256.8,67.7,63.2504
256.9,67.8,63.2504
257,67.9,63.2504
257.1,68,63.2504
257.2,68.1,63.2504
257.3,68.2,63.2504
257.4,68.3,63.2504
257.5,68.4,63.2504
257.6,68.5,63.2504
257.7,68.6,63.2504
257.8,68.7,63.2504
257.9,68.8,63.2504
258,68.9,63.2504
258.1,69,63.2504
258.2,69.1,63.2504
258.3,69.2,63.2504
258.4,69.3,63.2504
258.5,69.4,63.2504
258.6,69.5,63.2504
258.7,69.6,63.2504
258.8,69.7,63.2504
258.9,69.8,63.2504
259,69.9,63.2504
259.1,70,63.2504
259.2,70.1,63.2504
259.3,70.2,63.2504
259.4,70.3,63.2504
259.5,70.4,63.2504
259.6,70.5,63.2504
259.7,70.6,63.2504
259.8,70.7,63.2504
259.9,70.8,63.2504
260,70.9,63.2504
260.1,71,63.2504
260.2,71.1,63.2504
260.3,71.2,63.2504
260.4,71.3,63.2504
260.5,71.4,63.2504
260.6,71.5,63.2504
260.7,71.6,63.2504
260.8,71.7,63.2504
260.9,71.8,63.2504
261,71.9,63.2504
261.1,72,63.2504
261.2,72.1,63.2504
261.3,72.2,63.2504
261.4,72.3,63.2504
261.5,72.4,63.2504
261.6,72.5,63.2504
261.7,72.6,63.2504
261.8,72.7,63.2504
261.9,72.8,63.2504
262,72.9,63.2504
262.1,73,63.2504
262.2,73.1,63.2504
262.3,73.2,63.2504
262.4,73.3,63.2504
262.5,73.4,63.2504
262.6,73.5,63.2504
262.7,73.6,63.2504
262.8,73.7,63.2504
262.9,73.8,63.2504
263,73.9,63.2504
263.1,74,63.2504
263.2,74.1,63.2504
263.3,74.2,63.2504
263.4,74.3,63.2504
263.5,74.4,63.2504
263.6,74.5,63.2504
263.7,74.6,63.2504
263.8,74.7,63.2504
263.9,74.8,63.2504
264,74.9,63.2504
264.1,75,63.2504
264.2,75.1,63.2504
264.3,75.2,63.2504
264.4,75.3,63.2504
264.5,75.4,63.2504
264.6,75.5,63.2504
264.7,75.6,63.2504
264.8,75.7,63.2504
264.9,75.8,63.2504
265,75.9,63.2504
265.1,76,63.2504
265.2,76.1,63.2504
265.3,76.2,63.2504
265.4,76.3,63.2504
265.5,76.4,63.2504
265.6,76.5,63.2504
265.7,76.6,63.2504
265.8,76.7,63.2504
265.9,76.8,63.2504
266,76.9,63.2504
266.1,77,63.2504
266.2,77.1,63.2504
266.3,77.2,63.2504
266.4,77.3,63.2504
266.5,77.4,63.2504
266.6,77.5,63.2504
266.7,77.6,63.2504
266.8,77.7,63.2504
266.9,77.8,63.2504
267,77.9,63.2504
267.1,78,63.2504
267.2,78.1,63.2504
267.3,78.2,63.2504
267.4,78.3,63.2504
267.5,78.4,63.2504
267.6,78.5,63.2504
267.7,78.6,63.2504
267.8,78.7,63.2504
267.9,78.8,63.2504
268,78.9,63.2504
268.1,79,63.2504
268.2,79.1,63.2504
268.3,79.2,63.2504
268.4,79.3,63.2504
268.5,79.4,63.2504
268.6,79.5,63.2504
268.7,79.6,63.2504
268.8,79.7,63.2504
268.9,79.8,63.2504
269,79.9,63.2504
269.1,80,63.2504
269.2,80.1,63.2504
269.3,80.2,63.2504
269.4,80.3,63.2504
269.5,80.4,63.2504
269.6,80.5,63.2504
269.7,80.6,63.2504
269.8,80.7,63.2504
269.9,80.8,63.2504
270,80.9,63.2504
270.1,81,63.2504
270.2,81.1,63.2504
270.3,81.2,63.2504
270.4,81.3,63.2504
270.5,81.4,63.2504
270.6,81.5,63.2504
270.7,81.6,63.2504
270.8,81.7,63.2504
270.9,81.8,63.2504
271,81.9,63.2504
271.1,82,63.2504
271.2,82.1,63.2504
271.3,82.2,63.2504
271.4,82.3,63.2504
271.5,82.4,63.2504
271.6,82.5,63.2504
271.7,82.6,63.2504
271.8,82.7,63.2504
271.9,82.8,63.2504
272,82.9,63.2504
272.1,83,63.2504
272.2,83.1,63.2504
272.3,83.2,63.2504
272.4,83.3,63.2504
272.5,83.4,63.2504
272.6,83.5,63.2504
272.7,83.6,63.2504
272.8,83.7,63.2504
272.9,83.8,63.2504
273,83.9,63.2504
273.1,84,63.2504
273.2,84.1,63.2504
273.3,84.2,63.2504
273.4,84.3,63.2504
273.5,84.4,63.2504
273.6,84.5,63.2504
273.7,84.6,63.2504
273.8,84.7,63.2504
273.9,84.8,63.2504
274,84.9,63.2504
274.1,85,63.2504
274.2,85.1,63.2504
274.3,85.2,63.2504
274.4,85.3,63.2504
274.5,85.4,63.2504
274.6,85.5,63.2504
274.7,85.6,63.2504
274.8,85.7,63.2504
274.9,85.8,63.2504
275,85.9,63.2504
275.1,86,63.2504
275.2,86.1,63.2504
275.3,86.2,63.2504
275.4,86.3,63.2504
275.5,86.4,63.2504
275.6,86.5,63.2504
275.7,86.6,63.2504
275.8,86.7,63.2504
275.9,86.8,63.2504
276,86.9,63.2504
276.1,87,63.2504
276.2,87.1,63.2504
276.3,87.2,63.2504
276.4,87.3,63.2504
276.5,87.4,63.2504
276.6,87.5,63.2504
276.7,87.6,63.2504
276.8,87.7,63.2504
276.9,87.8,63.2504
277,87.9,63.2504
277.1,88,63.2504
277.2,88.1,63.2504
277.3,88.2,63.2504
277.4,88.3,63.2504
277.5,88.4,63.2504
277.6,88.5,63.2504
277.7,88.6,63.2504
277.8,88.7,63.2504
277.9,88.8,63.2504
278,88.9,63.2504
278.1,89,63.2504
278.2,89.1,63.2504
278.3,89.2,63.2504
278.4,89.3,63.2504
278.5,89.4,63.2504
278.6,89.5,63.2504
278.7,89.6,63.2504
278.8,89.7,63.2504
278.9,89.8,63.2504
279,89.9,63.2504
279.1,90,63.2504
279.2,90.1,63.2504
279.3,90.2,63.2504
279.4,90.3,63.2504
279.5,90.4,63.2504
279.6,90.5,63.2504
279.7,90.6,63.2504
279.8,90.7,63.2504
279.9,90.8,63.2504
280,90.9,63.2504
280.1,91,63.2504
280.2,91.1,63.2504
280.3,91.2,63.2504
280.4,91.3,63.2504
280.5,91.4,63.2504
280.6,91.5,63.2504
280.7,91.6,63.2504
280.8,91.7,63.2504
280.9,91.8,63.2504
281,91.9,63.2504
281.1,92,63.2504
281.2,92.1,63.2504
281.3,92.2,63.2504
281.4,92.3,63.2504
281.5,92.4,63.2504
281.6,92.5,63.2504
281.7,92.6,63.2504
281.8,92.7,63.2504
281.9,92.8,63.2504
282,92.9,63.2504
282.1,93,63.2504
282.2,93.1,63.2504
282.3,93.2,63.2504
282.4,93.3,63.2504
282.5,93.4,63.2504
282.6,93.5,63.2504
282.7,93.6,63.2504
282.8,93.7,63.2504
282.9,93.8,63.2504
283,93.9,63.2504
283.1,94,63.2504
283.2,94.1,63.2504
283.3,94.2,63.2504
283.4,94.3,63.2504
283.5,94.4,63.2504
283.6,94.5,63.2504
283.7,94.6,63.2504
283.8,94.7,63.2504
283.9,94.8,63.2504
284,94.9,63.2504
284.1,95,63.2504
284.2,95.1,63.2504
284.3,95.2,63.2504
284.4,95.3,63.2504
284.5,95.4,63.2504
284.6,95.5,63.2504
284.7,95.6,63.2504
284.8,95.7,63.2504
284.9,95.8,63.2504
285,95.9,63.2504
285.1,96,63.2504
285.2,96.1,63.2504
285.3,96.2,63.2504
285.4,96.3,63.2504
285.5,96.4,63.2504
285.6,96.5,63.2504
285.7,96.6,63.2504
285.8,96.7,63.2504
285.9,96.8,63.2504
286,96.9,63.2504
286.1,97,63.2504
286.2,97.1,63.2504
286.3,97.2,63.2504
286.4,97.3,63.2504
286.5,97.4,63.2504
286.6,97.5,63.2504
286.7,97.6,63.2504
286.8,97.7,63.2504
286.9,97.8,63.2504
287,97.9,63.2504
287.1,98,63.2504
287.2,98.1,63.2504
287.3,98.2,63.2504
287.4,98.3,63.2504
287.5,98.4,63.2504
287.6,98.5,63.2504
287.7,98.6,63.2504
287.8,98.7,63.2504
287.9,98.8,63.2504
288,98.9,63.2504
288.1,99,63.2504
288.2,99.1,63.2504
288.3,99.2,63.2504
288.4,99.3,63.2504
288.5,99.4,63.2504
288.6,99.5,63.2504
288.7,99.6,63.2504
288.8,99.7,63.2504
288.9,99.8,63.2504
289,99.9,63.2504
289.1,100,63.2504
289.2,100.1,63.2504
289.3,100.2,63.2504
289.4,100.3,63.2504
289.5,100.4,63.2504
289.6,100.5,63.2504
289.7,100.6,63.2504
289.8,100.7,63.2504
289.9,100.8,63.2504
290,100.9,63.2504
290.1,101,63.2504
290.2,101.1,63.2504
290.3,101.2,63.2504
290.4,101.3,63.2504
290.5,101.4,63.2504
290.6,101.5,63.2504
290.7,101.6,63.2504
290.8,101.7,63.2504
290.9,101.8,63.2504
291,101.9,63.2504
291.1,102,63.2504
291.2,102.1,63.2504
291.3,102.2,63.2504
291.4,102.3,63.2504
291.5,102.4,63.2504
291.6,102.5,63.2504
291.7,102.6,63.2504
291.8,102.7,63.2504
291.9,102.8,63.2504
292,102.9,63.2504
292.1,103,63.2504
292.2,103.1,63.2504
292.3,103.2,63.2504
292.4,103.3,63.2504
292.5,103.4,63.2504
292.6,103.5,63.2504
292.7,103.6,63.2504
292.8,103.7,63.2504
292.9,103.8,63.2504
293,103.9,63.2504
293.1,104,63.2504
293.2,104.1,63.2504
293.3,104.2,63.2504
293.4,104.3,63.2504
293.5,104.4,63.2504
293.6,104.5,63.2504
293.7,104.6,63.2504
293.8,104.7,63.2504
293.9,104.8,63.2504
294,104.9,63.2504
294.1,105,63.2504
294.2,105.1,63.2504
294.3,105.2,63.2504
294.4,105.3,63.2504
294.5,105.4,63.2504
294.6,105.5,63.2504
294.7,105.6,63.2504
294.8,105.7,63.2504
294.9,105.8,63.2504
295,105.9,63.2504
295.1,106,63.2504
295.2,106.1,63.2504
295.3,106.2,63.2504
295.4,106.3,63.2504
295.5,106.4,63.2504
295.6,106.5,63.2504
295.7,106.6,63.2504
295.8,106.7,63.2504
295.9,106.8,63.2504
296,106.9,63.2504
296.1,107,63.2504
296.2,107.1,63.2504
296.3,107.2,63.2504
296.4,107.3,63.2504
296.5,107.4,63.2504
296.6,107.5,63.2504
296.7,107.6,63.2504
296.8,107.7,63.2504
296.9,107.8,63.2504
297,107.9,63.2504
297.1,108,63.2504
297.2,108.1,63.2504
297.3,108.2,63.2504
297.4,108.3,63.2504
297.5,108.4,63.2504
297.6,108.5,63.2504
297.7,108.6,63.2504
297.8,108.7,63.2504
297.9,108.8,63.2504
298,108.9,63.2504
298.1,109,63.2504
298.2,109.1,63.2504
298.3,109.2,63.2504
298.4,109.3,63.2504
298.5,109.4,63.2504
298.6,109.5,63.2504
298.7,109.6,63.2504
298.8,109.7,63.2504
298.9,109.8,63.2504
299,109.9,63.2504
299.1,110,63.2504
299.2,110.1,63.2504
299.3,110.2,63.2504
299.4,110.3,63.2504
299.5,110.4,63.2504
299.6,110.5,63.2504
299.7,110.6,63.2504
299.8,110.7,63.2504
299.9,110.8,63.2504
300,110.9,63.2504
300.1,111,63.2504
300.2,111.1,63.2504
300.3,111.2,63.2504
300.4,111.3,63.2504
300.5,111.4,63.2504
300.6,111.5,63.2504
300.7,111.6,63.2504
300.8,111.7,63.2504
300.9,111.8,63.2504
301,111.9,63.2504
301.1,112,63.2504
301.2,112.1,63.2504
301.3,112.2,63.2504
301.4,112.3,63.2504
301.5,112.4,63.2504
301.6,112.5,63.2504
301.7,112.6,63.2504
301.8,112.7,63.2504
301.9,112.8,63.2504
302,112.9,63.2504
302.1,113,63.2504
302.2,113.1,63.2504
302.3,113.2,63.2504
302.4,113.3,63.2504
302.5,113.4,63.2504
302.6,113.5,63.2504
302.7,113.6,63.2504
302.8,113.7,63.2504
302.9,113.8,63.2504
303,113.9,63.2504
303.1,114,63.2504
303.2,114.1,63.2504
303.3,114.2,63.2504
303.4,114.3,63.2504
303.5,114.4,63.2504
303.6,114.5,63.2504
303.7,114.6,63.2504
303.8,114.7,63.2504
303.9,114.8,63.2504
304,114.9,63.2504
304.1,115,63.2504
304.2,115.1,63.2504
304.3,115.2,63.2504
304.4,115.3,63.2504
304.5,115.4,63.2504
304.6,115.5,63.2504
304.7,115.6,63.2504
304.8,115.7,63.2504
304.9,115.8,63.2504
305,115.9,63.2504
305.1,116,63.2504
305.2,116.1,63.2504
305.3,116.2,63.2504
305.4,116.3,63.2504
305.5,116.4,63.2504
305.6,116.5,63.2504
305.7,116.6,63.2504
305.8,116.7,63.2504
305.9,116.8,63.2504
306,116.9,63.2504
306.1,117,63.2504
306.2,117.1,63.2504
306.3,117.2,63.2504
306.4,117.3,63.2504
306.5,117.4,63.2504
306.6,117.5,63.2504
306.7,117.6,63.2504
306.8,117.7,63.2504
306.9,98.3,63.2504
307,98.4,63.2504
307.1,98.5,63.2504
307.2,98.6,63.2504
307.3,98.7,63.2504
307.4,98.8,63.2504
307.5,98.9,63.2504
307.6,99,63.2504
307.7,99.1,63.2504
307.8,99.2,63.2504
307.9,99.3,63.2504
308,99.4,63.2504
308.1,99.5,63.2504
308.2,99.6,63.2504
308.3,99.7,63.2504
308.4,99.8,63.2504
308.5,99.9,63.2504
308.6,100,63.2504
308.7,100.1,63.2504
308.8,100.2,63.2504
308.9,100.3,63.2504
309,100.4,63.2504
309.1,100.5,63.2504
309.2,100.6,63.2504
309.3,100.7,63.2504
309.4,100.8,63.2504
309.5,100.9,63.2504
309.6,101,63.2504
309.7,101.1,63.2504
309.8,101.2,63.2504
309.9,101.3,63.2504
310,101.4,63.2504
310.1,101.5,63.2504
310.2,101.6,63.2504
310.3,101.7,63.2504
310.4,101.8,63.2504
310.5,101.9,63.2504
310.6,102,63.2504
310.7,102.1,63.2504
310.8,102.2,63.2504
310.9,102.3,63.2504
311,102.4,63.2504
311.1,102.5,63.2504
311.2,102.6,63.2504
311.3,102.7,63.2504
311.4,102.8,63.2504
311.5,102.9,63.2504
311.6,103,63.2504
311.7,103.1,63.2504
311.8,103.2,63.2504
311.9,103.3,63.2504
312,103.4,63.2504
312.1,103.5,63.2504
312.2,103.6,63.2504
312.3,103.7,63.2504
312.4,103.8,63.2504
312.5,103.9,63.2504
312.6,104,63.2504
312.7,104.1,63.2504
312.8,104.2,63.2504
312.9,104.3,63.2504
313,104.4,63.2504
313.1,104.5,63.2504
313.2,104.6,63.2504
313.3,104.7,63.2504
313.4,104.8,63.2504
313.5,104.9,63.2504
313.6,105,63.2504
313.7,105.1,63.2504
313.8,105.2,63.2504
313.9,105.3,63.2504
314,105.4,63.2504
314.1,105.5,63.2504
314.2,105.6,63.2504
314.3,105.7,63.2504
314.4,105.8,63.2504
314.5,105.9,63.2504
314.6,106,63.2504
314.7,106.1,63.2504
314.8,106.2,63.2504
314.9,106.3,63.2504
315,106.4,63.2504
315.1,106.5,63.2504
315.2,106.6,63.2504
315.3,106.7,63.2504
315.4,106.8,63.2504
315.5,106.9,63.2504
315.6,107,63.2504
315.7,107.1,63.2504
315.8,107.2,63.2504
315.9,107.3,63.2504
316,107.4,63.2504
316.1,107.5,63.2504
316.2,107.6,63.2504
316.3,107.7,63.2504
316.4,107.8,63.2504
316.5,107.9,63.2504
316.6,108,63.2504
316.7,108.1,63.2504
316.8,108.2,63.2504
316.9,108.3,63.2504
317,108.4,63.2504
317.1,108.5,63.2504
317.2,108.6,63.2504
317.3,108.7,63.2504
317.4,108.8,63.2504
317.5,108.9,63.2504
317.6,109,63.2504
317.7,109.1,63.2504
317.8,109.2,63.2504
317.9,109.3,63.2504
318,109.4,63.2504
318.1,109.5,63.2504
318.2,109.6,63.2504
318.3,109.7,63.2504
318.4,109.8,63.2504
318.5,109.9,63.2504
318.6,110,63.2504
318.7,110.1,63.2504
318.8,110.2,63.2504
318.9,110.3,63.2504
319,110.4,63.2504
319.1,110.5,63.2504
319.2,110.6,63.2504
319.3,110.7,63.2504
319.4,110.8,63.2504
319.5,110.9,63.2504
319.6,111,63.2504
319.7,111.1,63.2504
319.8,111.2,63.2504
319.9,111.3,63.2504
320,111.4,63.2504
320.1,111.5,63.2504
320.2,111.6,63.2504
320.3,111.7,63.2504
320.4,111.8,63.2504
320.5,111.9,63.2504
320.6,112,63.2504
320.7,112.1,63.2504
320.8,112.2,63.2504
320.9,112.3,63.2504
321,112.4,63.2504
321.1,112.5,63.2504
321.2,112.6,63.2504
321.3,112.7,63.2504
321.4,112.8,63.2504
321.5,112.9,63.2504
321.6,113,63.2504
321.7,113.1,63.2504
321.8,113.2,63.2504
321.9,113.3,63.2504
322,113.4,63.2504
322.1,113.5,63.2504
322.2,113.6,63.2504
322.3,113.7,63.2504
322.4,113.8,63.2504
322.5,113.9,63.2504
322.6,114,63.2504
322.7,114.1,63.2504
322.8,114.2,63.2504
322.9,114.3,63.2504
323,114.4,63.2504
323.1,114.5,63.2504
323.2,114.6,63.2504
323.3,114.7,63.2504
323.4,114.8,63.2504
323.5,114.9,63.2504
323.6,115,63.2504
323.7,115.1,63.2504
323.8,115.2,63.2504
323.9,115.3,63.2504
324,115.4,63.2504
324.1,115.5,63.2504
324.2,115.6,63.2504
324.3,115.7,63.2504
324.4,115.8,63.2504
324.5,115.9,63.2504
324.6,116,63.2504
324.7,116.1,63.2504
324.8,116.2,63.2504
324.9,116.3,63.2504
325,116.4,63.2504
325.1,116.5,63.2504
325.2,116.6,63.2504
325.3,116.7,63.2504
325.4,116.8,63.2504
325.5,116.9,63.2504
325.6,117,63.2504
325.7,117.1,63.2504
325.8,117.2,63.2504
325.9,117.3,63.2504
326,116.5,63.2504
